Actual,Predicted
6.082218910376446,6.301033781113936
6.517671272912275,6.348406686473728
6.9411900550683745,6.712390678745455
8.069342366811636,7.709674288440102
7.192182058713246,7.5589601690117885
6.902742737158593,7.030168911963443
5.043425116919247,5.356471405933547
5.564520407322694,5.888056517531852
6.375024819828097,6.746729869643576
5.2832037287379885,5.431209826601247
